RABDN,RPRU,RWTB,RFTSE,covidr
-0.00907537,-0.012546924,0.006753416,-0.00646445,0
-0.037455337,-0.043256387,-0.026601793,-0.032305661,0
-0.012074924,-0.013271881,-0.01639783,-0.006303931,0
0.006305606,0.021087097,0.010631363,0.010983887,0
-0.003347639,-0.002851255,-0.007888943,0.005939587,0
-0.006631642,-0.008213004,-0.039034718,-0.007603628,0
-0.008583319,0.002883087,0.002003218,0.003268866,0
0.023699169,0.034112484,0.01051275,0.002771227,0
0.050273364,0.04757121,0.03887977,0.00844934,0
-0.019561593,-0.02718209,-0.005959206,-0.00464049,0
0.031400365,0.005795673,0.026137447,-0.00025092,0
-0.01351297,-0.011178141,-0.00467159,-0.006058261,0
0.001426882,0.026377176,0.003757017,0.002004757,0
-0.006676437,0.00533633,-0.012164602,-0.004420577,0
0.017991803,0.062213794,-0.004736308,0.001827826,0
0.008977817,0.027449054,-0.018558111,0.006819159,0
0.027811029,0.023870405,0.013332158,0.006689784,0
-0.001669319,-0.008351798,-0.017461881,0.00929795,0
-0.004005289,-0.023861479,-0.001219662,-0.000515812,0
0.016749307,0,0.022915892,0.00092976,0
0.008255894,-0.007908376,0.00452915,-0.003412774,0
0.002627871,-0.00977714,-0.048399262,0.003356026,0
-0.008812581,-0.01317789,0.012465159,-0.011240277,0
0.005940063,0.007044144,0.015515274,0.007455459,0
0.012114747,0.018412509,0.01236538,0.009212015,0
0.010351188,0.011565412,0.00167747,0.002495356,0
-0.014752999,-0.006074354,0.005021179,0.001159977,0
0.017582999,0.006831375,0.028463771,0.001319516,0
-0.007989298,-0.022857621,-0.010491807,-0.006349905,0
0.0006368,-0.021562965,0.018614308,-0.00419057,0
0.009995133,0.007470702,-0.005320424,0.005035109,0
-0.017234989,-0.022988233,-0.009536493,-0.001931996,0
0.002602301,-0.007209887,-0.017608636,-0.007951072,0
0.00710954,0.002678564,0.048278375,0.001395905,0
-0.002876032,-0.007242846,0.019152838,0.000651792,0
0.013185496,0.012669306,-0.007382274,0.002203156,0
-0.020666962,-0.019335611,-0.008114,-0.008371337,0
0.000679527,-0.010443176,0.002954245,-0.00329639,0
0.010035085,0.020707277,0.0135938,0.01219305,0
0.009972734,0.021445054,0.014527593,0.009482981,0
0.02385355,0.006745484,0.010355014,0.00092614,0
0.000903016,0.031273292,0.01003061,0.003598473,0
0,0.010825939,0.014248164,-0.001796823,0
-0.016744857,-0.016780004,-0.020648339,-0.00942502,0
-0.021764663,-0.019255764,-0.007389661,-0.008247431,0
-0.019359922,-0.036664537,-0.029778699,-0.017455538,0
-0.000344339,0.009228401,0.017828763,0.004154351,0
0.00822872,-0.007237323,-0.000663287,-0.007045976,0
0.01013552,0.012275454,0.020412854,0.014263399,0
0.00259301,-0.002656225,0.006522218,-0.000795617,0
-0.01548034,0.001521885,-0.002376235,-0.002784114,0
0.000989873,0.000759786,-0.00216513,0.000345174,0
0.014034687,0.038299694,0.002604298,0.007929326,0
0.015828364,0.013885108,0.073809254,0.010994752,0
0.034265037,0.039258861,0.03849971,0.022521432,0
-0.004605334,0.002081841,-0.042508246,0.000828562,0
0.007101356,0.001385011,-0.012161253,0.002055737,0
0.008867521,-0.004833477,0.003898235,0.004385505,0
0.005471425,0.001729874,-0.012470169,0.001143412,0
0.003335206,-0.009003424,0.006004212,0.005421709,0
0.013541412,0.008035209,0.007817327,0,0
-0.004177311,-0.000687042,-0.001019492,0.002795271,0
-0.002981453,0.003814593,-0.002861771,-0.007567136,0
-0.019124448,0.002076797,-0.00676343,0,0
0.024070332,0.010347767,0.010318713,0.002273611,0
-0.017238992,-0.00989991,-0.006333402,0.002380232,0
-0.014864389,-0.013797157,-0.012948515,-0.006173908,0
-0.033502574,0.008738276,-0.001459214,-0.000196691,0
-0.008582738,0.013182187,-0.012096158,0.000142596,0
0.015411023,0.010947921,-0.003376203,0.003061414,0
-0.014846391,0.002033209,-0.01525178,-0.00135165,0
0.000634139,-0.005741875,0.013121986,0.003920742,0
0.000298229,-0.011897439,0.014649806,0.000623556,0
-0.009913167,-0.036795887,0.012136638,0.0026829,0
0.009711296,0.004288549,-0.051684723,-0.004316481,0
0.01248835,0.007109489,-0.023109521,0.008508754,0
-0.006332842,-0.001060023,0.005132827,-0.003012551,0
0.006373203,-0.007420508,-0.016653357,-0.005324488,0
0.012997054,0.005337822,0.004743696,-0.005095458,0
-0.02562425,-0.009555557,-0.021349167,-0.008485298,0
0.006714414,0.013584515,-0.012168981,0.010430666,0
-0.041425819,-0.050439486,-0.014645761,-0.022927822,0
0.013297256,0.022287098,0.02618471,0.009260596,0
0.011825742,0.011624217,0.027817766,0.000384991,0
-0.009086111,-0.016884061,0.018340909,-0.013577744,0
-0.013735114,-0.012053724,-0.018230438,-0.012997903,0
0.011611758,0.011830591,0.007158332,0.005531148,0
0.014109751,0.02083901,0.010662475,0.015493475,0
0.005490167,0.02219799,0.001757478,0.00573401,0
0.000299188,0.017157905,0.008118226,0.002981632,0
0.019291883,0.006204666,0.005223334,-0.005075425,0
0.010086931,0.001705602,-0.002814814,-0.002654452,0
0.012818651,0.011278551,0.012809821,0.007057989,0
0.015703991,0.017563805,0.019721494,0.004657681,0
-0.027921917,-0.015931269,0.013242473,-0.010928585,0
0.016558937,-0.003714961,-0.011202689,-0.005756821,0
-0.008894763,0.011510999,-0.009651784,0.003255443,0
-0.000612723,-0.010039502,0.012500432,-0.006893351,0
0.023874784,0.011833936,0.001463801,0.010161189,0
-0.015146178,0.002676519,-0.011282273,-0.002732995,0
-0.006759657,-0.007333679,0.007819706,-0.004399836,0
-0.048323791,-0.046007838,-0.066680335,-0.033372862,0
-0.02535094,0.000352348,-0.021344366,-0.01941502,0
0.005978493,0.001056671,-0.030074766,0.003503907,0
-0.054721568,-0.06678445,-0.035737605,-0.034940866,0
-0.029842825,-0.045572687,-0.044184831,-0.031750633,0
-0.002524827,0.002370206,-0.034668293,0.011287707,0
0.015229497,-0.005517403,0.002393604,0.009513305,0
0.020735508,0.020193759,-0.039278135,0.014496442,0
-0.030451067,-0.020562663,0.00248873,-0.016162944,0
-0.046229426,-0.054283255,-0.035272118,-0.036221391,0
-0.093858684,-0.086718715,-0.067408296,-0.076870585,0
0.021279697,0.006877955,-0.021439979,-0.000928631,0
0,-0.032340384,-0.042566214,-0.01404476,0
-0.162789591,-0.166855516,-0.156586988,-0.108744631,0
0.027899312,-0.020352161,-0.000387992,0.024559521,0
-0.058982863,-0.124588432,-0.03877365,-0.040071858,1
0.053574576,0.032418778,-0.060508881,0.027920358,1
-0.116253136,-0.092679943,-0.088450197,-0.040476685,1
-0.037413249,0.06472201,-0.008481732,0.013980687,1
0.067313364,0.084568084,0.112118112,0.007603448,1
-0.081306804,-0.02997003,0.02221051,-0.037930716,1
0.157486631,0.154479918,0.124112302,0.090534633,1
0.117636868,0.116732509,0.118587303,0.04447109,1
0.146178887,0.078594919,0.079428262,0.022420098,1
-0.094941845,-0.048437515,-0.084667954,-0.052512754,1
-0.045825862,-0.028109933,-0.001679606,0.009692704,1
0.004907079,0.032916632,0.020887257,0.019450945,1
-0.064311688,-0.084114502,-0.099337723,-0.038327139,1
-0.012547191,-0.006112375,-0.007698706,0.004702479,1
0.000787136,-0.023770283,-0.08751773,-0.011809745,1
0.079325843,0.109542478,0.039662912,0.030817099,1
0.062408911,0.060239364,0.033084287,0.021865187,1
-0.03071873,-0.036031784,0.090807022,-0.004684062,1
0.073695916,0.00335718,0.023834414,0.029048581,1
-0.036060635,-0.031517626,-0.068150045,-0.008788805,1
-0.076186755,-0.05503059,-0.047068987,-0.033439757,1
0.017075492,0.005212017,-0.021276219,0.005498736,1
0.041738136,0.081812474,0.048136099,0.028165936,1
-0.005039417,-0.011997198,0.003703177,0.004470396,1
-0.057870719,-0.048662663,-0.00811779,-0.029555311,1
0.029488476,0.046563618,0.046130463,0.022974528,1
-0.012874205,0.019509714,-0.006399404,0.009700847,1
-0.011627907,-0.018657461,-0.051183349,-0.01276557,1
0.042077371,0.013654202,0.049795173,0.016438842,1
0.046430024,0.070701397,0.060005688,0.01910621,1
0.07488944,0.056599532,0.045422801,0.026306956,1
-0.077583868,-0.04038407,-0.033719188,-0.035001022,1
-0.013135967,-0.058048542,-0.020807049,-0.023410453,1
-0.033426045,-0.017870804,-0.016107415,-0.001610256,1
0.029392118,0.034005113,-0.009401834,0.016622116,1
-0.02301203,0.014362016,-0.017934393,0.000741954,1
0.034845698,0.025565585,0.023271224,0.014045673,1
-0.02182285,-0.001782581,-0.006996909,0.000631741,1
0.039117706,0.007589497,-0.057436049,0.009266414,1
-0.036333609,-0.034089336,-0.045606249,-0.015133191,1
-0.020918393,-0.053163226,0.00196048,-0.027525173,1
-0.003346376,0.015977472,0.042609345,0.010141878,1
0.056252906,0.057639579,0.092236654,0.042901701,1
0.052816901,0.009458774,0.010644844,-0.007664596,1
-0.005574136,0.007592887,-0.034306477,0.010817646,1
-0.005605381,-0.012845731,-0.134366978,-0.008555898,1
0.008220594,-0.092867701,0.055668543,-0.003652384,1
0.069654755,0.02867986,0.09811828,0.012427252,1
0.070737869,0.022596944,0.042431661,0.01260597,1
-0.007891953,0.017872199,0.003131115,0.012131668,1
-0.022675086,-0.032795569,-0.013655872,-0.022864577,1
-0.011621565,0.040589524,-0.01068038,0.014781292,1
0.032133458,0.008258689,-0.011195522,0.0087117,1
0.032243471,0.078749798,0.071977355,0.026087837,1
-0.019124268,-0.011816358,-0.047529234,-0.006419205,1
0.050245745,0.088386919,0.087920792,0.022528006,1
0.003210087,-0.013342605,0.009828904,-0.0018059,1
-0.051582559,-0.036183038,-0.043619322,-0.021146095,1
-0.007154181,-0.009901501,-0.05729363,-0.001040134,1
-0.054779939,-0.056666725,-0.079168333,-0.039883839,1
0.003595097,0.008832848,0.026487191,0.004686754,1
0.003582218,-0.00612612,-0.021573604,-0.006630435,1
0.016298972,0.0506614,0.019887592,0.029365014,1
-0.016799255,-0.011742077,0.001695634,0.001675533,1
0.011534323,0.026726945,0.02962336,-0.004666373,1
0.004297324,-0.002059404,-0.027949034,0.01101048,1
-0.008600237,-0.018633326,-0.004651163,-0.007624829,1
0.063074228,0.024046245,0.007646559,0.012090407,1
-0.05523174,-0.029255342,-0.070826307,-0.031080106,1
0.037271838,0.014435672,-0.029038113,0.00382939,1
-0.011731408,-0.004606727,0.025700935,0.001978156,1
0.018387083,0.020598315,0.01594533,0.010791811,1
0.006398761,0.003710161,-0.003587444,-0.00899969,1
-0.011217754,-0.000821433,0.013951395,-0.001909319,1
0.030226081,0.009034623,0.042609854,0.013381055,1
-0.013198696,-0.019944326,0.016177097,-0.01331013,1
0.008540811,0.049005005,0.022203603,0.020892274,1
-0.009187505,-0.013067849,-0.055327869,-0.015278542,1
-0.016005483,0.00361343,-0.018655098,-0.005450815,1
-0.025730323,-0.014785058,-0.043324492,-0.017306243,1
0.021363388,0.008924644,0.04805915,0.00756907,1
-0.004570346,0.000796532,0.022486772,0.013252595,1
0.000785903,-0.002002312,-0.031479086,0.000576407,1
0.022855962,0.020927948,0.073909172,0.018269347,1
-0.014910296,-0.007096106,-0.028192371,-0.006668097,1
0.004553099,-0.005159292,-0.012798635,0.0063369,1
-0.015067374,-0.027545159,-0.014693172,-0.004575298,1
0.007628208,0.007798255,0.037280702,0.001311183,1
0.001892615,-0.001630823,-0.041437632,-0.009989266,1
-0.002258634,-0.018359707,-0.000882223,0.000699199,1
-0.015558117,-0.044053665,0.011037528,-0.01410623,1
0.00347019,0.005648283,-0.027510917,-0.003092841,1
-0.002333236,0.003029156,0.012572968,0.003993526,1
0.004259762,0.006893886,0.007982262,0.000358934,1
-0.035680126,-0.047944655,0.005719314,-0.023072808,1
-0.003579283,-0.005841319,-0.046369204,-0.015397355,1
0.033541072,0.04386453,0.018348624,0.022905306,1
0.008123613,0.011266511,0.036936937,0.000522141,1
0.014953271,0.026999258,0.039096438,0.011385023,1
-0.004910988,-0.012518377,-0.016304348,-0.012740961,1
0.006415793,0.017742618,0.011049724,0.00086943,1
0.000408647,0.022834687,0.028583438,0.003051965,1
0.029002083,0.028401205,0.051491622,0.017147088,1
0.009527212,0.016976629,-0.020598523,0.02043761,1
-0.016318666,-0.015916429,0.002777778,-0.015047483,1
-0.018068436,-0.00906953,-0.032845271,-0.015451968,1
-0.001506269,-0.006364459,-0.024140753,0.006141175,1
-0.015044645,-0.008008618,-0.020964361,-0.008293839,1
0.005712393,0.009689612,0.015845824,0.005819024,1
-0.040623971,-0.019418366,-0.016863406,-0.016138796,1
-0.013857308,-0.005730854,0.028301887,-0.0019041,1
0.007439311,0.007816308,-0.011676397,0.017134603,1
-0.016366541,-0.015104074,0.011814346,-0.011093038,1
0.010404777,0.001240641,-0.000834028,0.00142289,1
-0.023506409,-0.007038799,0.025459098,-0.00754433,1
0.001690843,0.018770311,0.029304029,-0.00607001,1
-0.037535537,-0.02251597,-0.038750494,-0.01702336,1
0.022799649,-0.008371478,0.016042781,0.013459455,1
-0.028292947,-0.018165543,0.012145749,-0.015164241,1
-0.008776818,-0.023649917,0.0104,-0.008849981,1
0.031529632,0.024222784,0.005938242,0.023852059,1
0.011672268,-0.003012102,-0.035419126,-0.00119581,1
0.015308642,0.000439285,-0.035495716,0.013918352,1
-0.010081358,0.013791064,0.002115059,-0.001583278,1
-0.002099339,0.001281677,-0.023638666,0.004792348,1
-0.012309207,-0.0063737,-0.009079118,-0.000968155,1
0.00643524,0.015387896,-0.014397906,0.013157436,1
-0.005538545,-0.001259975,0.011952191,-0.00443204,1
-0.021915327,-0.004213975,-0.014435696,-0.004698543,1
0.008332948,-0.009317016,-0.02352419,-0.007086044,1
-0.053578807,-0.059829136,-0.041363636,-0.033753673,1
-0.010138741,-0.023633427,-0.028449502,0.004336448,1
0.005586866,0.02979732,0.011713031,0.011973665,1
-0.030069692,-0.00226408,-0.010130246,-0.012964338,1
-0.003818712,0.00452902,0.004873294,0.003415894,1
0.057903763,0.034278483,0.049466537,0.014592643,1
0.014494136,-0.00915336,-0.030036969,-0.005133326,1
0.00803647,-0.023771631,0.012386851,-0.00532429,1
0.031842976,-0.001349161,0.013176471,0.002275788,1
0.029595156,0.018510353,0.007895959,0.003855803,1
0.003335235,0.006650578,0.00875576,0.006916159,1
0.017845427,0.019810768,0.056190041,0.001177868,1
-0.006102015,-0.009932794,-0.000865052,-0.000620174,1
0.006571836,0.006978304,0.017316017,0.005344545,1
0.010996091,0.007361941,0.022553191,0.006460322,1
0.015337554,0.002153131,-0.037453184,-0.002537957,1
-0.028621642,-0.023169982,-0.017293558,-0.00527712,1
0.010209356,-0.016245026,-0.012318522,-0.005804302,1
-0.012536779,-0.037052843,-0.029844098,-0.017276995,1
0.01312778,0.018545637,0.021120294,0.014926653,1
-0.002429564,0,0.013938849,-0.005900756,1
0.003247308,-0.004549625,0.02616408,0.000776597,1
-0.030706985,-0.027897607,-0.021175454,-0.019140056,1
0.004569621,0.01082048,0.027373068,0.001584004,1
0.006648296,0.004187094,0.025354534,0.012899156,1
-0.039191831,-0.021782254,-0.059513831,-0.011649614,1
-0.034730701,-0.052104662,-0.019607843,-0.010880506,1
-0.02492387,-0.040876094,-0.030454545,-0.025517587,1
-0.005477346,-0.026268204,-0.015002344,-0.000188078,1
0.0293734,0.008995986,0.021894336,-0.000802616,1
0.002205848,0.015902929,0.000465766,0.013931547,1
0.026646062,0.055022185,0.034450652,0.023306932,1
0.013456188,0.024246039,0.03330333,0.016674241,1
0.022639301,0.011595105,0.036585366,0.003895799,1
-0.006293737,0.00239168,-0.021848739,0.000650166,1
0.08490566,0.178650985,0.155498282,0.046746035,1
0.034496836,0.024258307,-0.000371747,0.017871778,1
-0.024704025,0.000393636,-0.002231313,0.013538515,1
-0.01230072,-0.009074663,0.000745434,-0.006762664,1
0.014010651,-0.005575732,0.03575419,-0.003557377,1
0.021452812,0.031628774,0.098166127,0.016607588,1
0.011628367,0.009700909,0.014079895,-0.00871476,1
0.013762365,-0.00115005,0.007426542,0.003127882,1
-0.011377222,-0.016167205,-0.020192308,-0.007969943,1
-0.002964812,-0.001170294,-0.017991495,0.002699567,1
0.006690664,-0.009397732,0.026315789,-0.002772595,1
0.030238253,-0.006324591,0.066861409,0.015524548,1
-0.010374618,-0.029038578,-0.036811682,-0.006386647,1
-0.023863983,-0.001225908,0.008528111,-0.004406134,1
0.004452082,-0.005744971,-0.009708738,0.000730795,1
-0.000388802,-0.035063354,-0.041429475,-0.015922847,1
0.035083625,0.043604961,0.040250742,0.018917396,1
0.00961972,0.0065552,0.01649223,0.01232002,1
0.018386184,-0.012610586,0.04024961,0.004158808,1
0.004129815,0.027205057,-0.00869826,0.009238445,1
-0.015177434,0.014843353,-0.040544629,0.000787759,1
-0.008426343,0.014634467,-0.009776096,0.000523234,1
-0.001043608,0.005450275,0.003503185,0.000833991,1
-0.011715544,0.006202025,-0.027292923,0.005403479,1
-0.015025672,0.000768473,0.005220228,-0.00803211,1
0.013108471,0.010782361,0.007789679,-0.002278993,1
0.030493341,0.009140044,0.015458937,-0.002833815,1
0.007342683,0.017730274,0.014906438,0.008841881,1
-0.002769881,-0.013715202,-0.0125,-0.003020891,1
-0.007309407,0.007140458,-0.026898734,-0.003339918,1
-0.02164789,-0.019407836,-0.024390244,-0.017285478,1
0.012869722,0.010655381,0.005666667,0.005741609,1
0.019728043,0.021093909,0.040106066,0.006599867,1
0.001712391,-0.001839687,0.024219248,0,1
0.012111733,0.022907915,-0.02022402,0.016456914,1
-0.0228555,-0.010472973,0.003175611,-0.007092607,1
-0.018167776,-0.016433367,-0.018676796,-0.014536702,1
0.019927333,0.027468586,-0.026451613,0.017237003,1
0.001028315,-0.003250751,0.009940358,0.006142839,1
0.057453131,0.050743031,0.030839895,0.034724942,1
0.0082226,-0.006551783,-0.008911521,0.002207002,1
-0.004542326,-0.006948553,-0.009312781,0.002377147,1
-0.021674502,-0.006641139,-0.018800648,-0.010879844,1
0.01074167,0.005281136,0.022464486,-0.006526459,1
0.006292606,-0.009451741,-0.011308562,-0.001271818,1
0.015181518,0.012369983,0.043137255,0.008367035,1
-0.011703511,-0.001052097,-0.007205514,-0.00973984,1
-0.009210526,-0.006638823,-0.008835595,-0.002235844,1
-0.010589222,0.009498322,-0.012098058,-0.001145723,1
0.036205009,-0.009756628,0.01579117,0.004087622,1
0.004192801,0.00386942,0.009200508,-0.003704533,1
-0.00804508,-0.021735329,-0.018861993,-0.003030339,1
-0.016254876,-0.027238397,-0.027555271,-0.008397224,1
0.016836539,0.011416364,-0.032948929,0.002283528,1
0.005542062,-0.022945955,-0.015332198,-0.01302072,1
0.004490865,-0.078303451,-0.008304498,-0.006276485,1
-0.02892464,-0.051371936,-0.02756455,-0.018186833,1
0.006626905,0.001701449,0.022604952,0.009201774,1
0.03090676,0.019586507,0.058245614,0.007767822,1
-0.003495446,0.008763481,-0.00729443,-0.001354991,1
0.012479342,0.016557573,0.042084168,-0.000630011,1
-0.008228122,-0.006515154,0.051282051,-0.00221258,1
0.007355905,0.017212305,-0.024085366,0.00527019,1
0.008835984,0.024180112,-0.000312402,0.001230929,1
-0.003139873,0.019276517,-0.005,-0.00110234,1
-0.001889858,-0.00425078,0.019158291,0.000668265,1
0.00820489,0.029455591,-0.011710324,0.009354054,1
0.035353036,0.035020734,0.071094481,0.025239044,1
-0.002736762,0.015640355,-0.001746725,-0.001073103,1
-0.021794626,0.002151018,-0.018372703,-0.005624654,1
-0.007111401,-0.011794064,-0.000297089,-0.01396981,1
0.018070112,0.024230399,0.015750371,0.001038211,1
-0.000903605,0.007411212,0.033937975,-0.001778376,1
-0.015342873,-0.004552407,-0.009903792,0.002071915,1
0.017123737,0.007748875,0.018862532,0.004984953,1
-0.014706831,0.013621446,-0.028892006,-0.001052715,1
-0.034468085,-0.028954155,-0.019352975,-0.02533539,1
0.024138048,0.032303516,0.020029455,0.016210555,1
0.003442683,0.020630712,-0.016459717,0.003827864,1
0.027875829,0.000336078,0.055490311,0.009332073,1
-0.028628282,-0.00606137,-0.016133519,-0.003683636,1
-0.017247076,-0.003387181,-0.035057959,-0.003061249,1
0.01785234,0.026525349,0.042777615,0.013363959,1
-0.071775392,0.024841856,-0.017420624,0.001668371,1
-0.020959362,-0.019719521,-0.016299685,-0.000704273,2
0.012430487,0.002966729,0.002325581,0.001689069,2
-0.004092623,0.012166547,0.003770302,0.003638139,2
-0.029739375,0.00357032,0.000577868,-0.001740746,2
0.016904443,0.010033962,0.006930407,0.007987022,2
-0.021153776,-0.015061224,-0.013765414,-0.006017394,2
0.021984174,0.015616022,-0.004652515,0.002515279,2
-0.006245207,-0.01985556,-0.032427695,-0.010468046,2
0.02616685,-0.001962622,0.00513285,0.002592153,2
-0.027899148,0.012438505,-0.024632022,-0.004000833,2
0.011899937,0.004852444,0.031105636,0.002045023,2
0.010376465,0.012587534,0.012246117,-0.005669689,2
-0.01506252,-0.000323657,0.016524048,0.009851936,2
-0.007646435,-0.013419582,-0.008127721,-0.000655729,2
0.01681168,0.022027258,0.008779631,0.005336861,2
-0.002429297,-0.023452858,-0.006092254,-0.008636882,2
0.013811653,0.007139742,0.018680677,0.003525663,2
0.007134406,-0.001292566,0.00286533,0.012801864,2
0.011177559,0.011294573,0.001142857,0.009052473,2
0.009997888,-0.01116843,-0.010273973,0.008263959,2
-0.002649007,0.005163615,-0.000576701,-0.003812901,2
-0.017578808,-0.00321234,-0.00577034,-0.003850631,2
-0.010778699,0.004834038,0.002031341,0.000198864,2
-0.005142405,-0.000318068,0.026643498,0.007124312,2
0.002819447,0.007052756,-0.00112835,0.006328913,2
0.016148218,-0.011466033,-0.003388873,0.005159304,2
-0.018658437,0.000972134,-0.002833664,-0.002770841,2
-0.028483644,-0.035714523,-0.048025007,-0.020029771,2
-0.00472523,-0.004007947,0.007462687,0.005163363,2
-0.002542056,-0.000671834,0.010666667,0.00622889,2
-0.006558729,0.012406088,-0.002345353,4.61E-05,2
0.020183348,0.009933321,0.002350867,0.003539639,2
-0.01294283,-0.002291137,-0.033421284,-0.00260659,2
-0.004008692,0.010843349,0.005459509,0.002692596,2
0.003648674,-0.008125928,-0.012066365,-0.000314489,2
0.012405367,0.005895347,-0.009465649,0.001196585,2
-0.028097583,-0.012381774,-0.010789149,-0.006691718,2
0.014093091,0.01122055,0.006544095,0.016774108,2
0.014235276,0.017942543,0.00619195,0.005237737,2
0.00507351,0.012179364,0.012923077,0.00756624,2
-0.0082535,0.004117867,-0.031591738,-0.000845757,2
-0.037264081,-0.041629178,-0.042973651,-0.024662815,2
-0.005634238,0.00361922,0.001966568,0.008151998,2
-0.006403539,-0.032455516,0.00163559,-0.0058961,2
0.031911569,0.026426224,0.038536904,0.011528967,2
-0.012869526,-0.012545304,-0.029874214,-0.001527626,2
0.002952567,0.003013735,-0.000324149,0.000197644,2
-0.015254626,-0.016001985,-0.015888457,-0.011947275,2
0.017781574,0.011856988,0.01383855,0.010012662,2
-0.006332253,0.002678609,0.004549886,-0.000247871,2
0.005259319,0.005674248,0.019087674,0.004779105,2
-0.003742458,0.006308044,-0.002857143,-0.003091501,2
-0.008931309,-0.014515095,0.015600127,-0.00040684,2
0.025952427,0.004353604,0.004075235,-0.001033168,2
0.009198522,0.000661581,-0.006556353,0.000418823,2
-0.006200971,-0.003326378,0.024512885,0.008237678,2
0.002556007,0.011359867,-0.005214724,0.003889578,2
0.016084283,-0.016520456,-0.015109467,-0.006140968,2
-0.001808051,-0.009746711,0.012210394,0.000663897,2
-0.008280349,0.001017237,-0.000927931,0.001157159,2
0.014537051,-0.003385008,0.034055728,0.002525003,2
-0.00933206,-0.012587462,-0.002694611,-0.001984471,2
0.005785492,0.014813232,-0.014710297,0.001012567,2
0.021902655,0.010863539,0.010054845,0.006472748,2
0.000360828,-0.002686698,-0.018099548,0.001768979,2
0.00631222,0.011109874,0.002457757,0.003610068,2
-0.003154235,0.00166607,0.008274594,0.00173859,2
-0.011901765,-0.011306308,0.019148936,-0.004386948,2
-0.033296943,-0.028244896,-0.045034298,-0.019006267,2
0.00696405,0.007962171,0.006870706,0.006386917,2
0.005831776,-0.014762347,0.012406948,0.003925072,2
-0.008696945,-0.005229832,-0.004289216,-0.002249644,2
0.008060888,0.010862245,0,0.005076293,2
0.008293971,0.004849813,-0.016615385,0.003670902,2
0.001106603,-0.02413916,-0.03097622,-0.008842402,2
-0.016138541,0.007064376,0.006780756,0.002061369,2
-0.012059022,-0.036140471,0.001282874,-0.007065911,2
0.01368461,0.013833174,0.02178091,0.012460444,2
-0.00220635,-0.000712658,0.004075235,-0.000265257,2
0.013867026,0.012212969,0.01155167,0.00584563,2
-0.010091675,-0.016329676,-0.005555556,-0.008936609,2
0.018559319,0.005416698,-0.00744879,0.007061097,2
-0.011438627,-0.036614325,-0.035959975,-0.016831165,2
0.024217475,0.027568517,0.017191048,0.0129746,2
-0.001774269,-0.001806583,-0.03125,0.00049706,2
0.007073418,-0.012714028,-0.018762344,-9.82E-05,2
-0.013002918,-0.01103699,-0.015095606,-0.00470615,2
-0.0109846,0.016367216,-0.021117166,-0.011164558,2
-0.00036899,-0.003291863,0.017397356,-0.000560466,2
-0.036654239,-0.040399669,-0.029753762,-0.023358718,2
0.020499655,0.008418521,0.00070497,0.0053679,2
0.032553599,0.037951543,0.06093695,0.01702482,2
0.003163636,-0.008413398,0.005312085,-0.00428391,2
0.007793526,0.006274014,0.001651255,0.008507096,2
-0.001762463,0.001462132,0.017804154,-0.000305937,2
-0.004576082,-0.021952917,-0.017168772,-0.00417768,2
0.000361978,0.004114781,0.012195122,0.002937359,2
0.013750181,0.024217775,0,0.008806222,2
-0.013206739,-0.013093573,-0.008140671,-0.006515578,2
0.014070752,0.005159078,0.012147078,0.007027573,2
-0.004494382,0.010636685,-0.001946156,0.003389007,2
0.028951234,0.010157158,0.004224894,0.002552873,2
0.013545983,-0.001797132,0.046601942,-0.000481481,2
-0.001683502,0.026626096,-0.011131725,0.000353911,2
-0.002684379,-0.002449346,-0.001563477,0.001312658,2
-0.023154698,0.020027895,0.001565925,0.004029556,2
0.009608591,0.026179539,-0.007817386,0.008252991,2
-0.015990203,0.005704728,-0.012921525,-0.003727075,2
-0.011414145,0.013684073,-0.003831418,0.00354222,2
-0.024530609,-0.038523854,-0.006410256,-0.008966976,2
-0.014712389,0.007880371,-0.024516129,0.003792295,2
0.001459526,0.006111697,0.004960317,-0.001641807,2
-0.016816143,-0.019969278,-0.014478447,-0.015407319,2
0.003420753,0.005179538,0.013021703,0.004113979,2
-0.001136364,0.027848065,0.003625577,0.002979726,2
0.003792188,0.017053291,0.045320197,0.002357568,2
0.011333585,0.014143428,0.00628338,0.003415766,2
-0.011953679,-0.006812636,-0.012488292,-0.003516025,2
0.01020794,-0.00293492,0.014227,0.00323229,2
-0.006362275,-0.007858493,0,-0.003960543,2
0.002259887,0.007784643,0.006546135,0.004233324,2
-0.004133784,0.037474679,0.007122948,0.001966478,2
-0.005283019,0.000325415,-0.014145141,-0.003566493,2
0.008345979,0.010735198,-0.006862133,0.006840516,2
-0.001504891,-0.000643708,0.023869347,-0.005260756,2
-0.020723436,-0.013848631,-0.002760736,-0.007530733,2
-0.009234321,-0.030372306,0.012611504,-0.010051399,2
-0.000776699,-0.000336814,-0.010328068,0.0007104,2
0.016323358,-0.003369272,0.010742787,0.005581005,2
-0.011472275,-0.018593644,-0.002429396,-0.004862466,2
0.007350097,-0.000344471,-0.02891933,-0.002497846,2
0.004608295,0.007580979,0.026959248,0.00156631,2
-0.018730887,-0.01128591,0,-0.009084337,2
-0.041293339,-0.083708059,-0.007631258,-0.008577411,2
-0.002031694,0.029445074,0.019071055,0.011163239,2
0.028094463,0.042170884,0.009658919,0.014666995,2
0.007524752,-0.021815623,-0.002092676,-0.000708702,2
-0.007861635,0.001438849,0.010485321,-0.003796082,2
-0.00118859,0.02658046,0.019270679,0.001690425,2
-0.007140024,-0.005598321,-0.02530541,-0.004997593,2
0.018777467,0.018648839,0.010444643,0.011391414,2